oid,vocabulary_id
2.16.840.1.113883.6.96,SNOMED
2.16.840.1.113883.6.1,LOINC
2.16.840.1.113883.6.88,RxNorm
2.16.840.1.113883.5.1,AdministrativeGender
2.16.840.1.113883.6.238,Race & Ethnicity - CDC
1.3.6.1.4.1.12009.10.3.1,UCUM
2.16.840.1.113883.12.292,CVX
2.16.840.1.113883.6.12,CPT
2.16.840.1.113883.6.101,NUCC
2.16.840.1.113883.5.4,ActCode